{"mc":{
	"beauty":{
		"frameRate":60,
		"frames":[
			
			{
			"res":"C1E72423",
			"x":23,
			"y":25,
			"duration":4
			},
			{
			"res":"395BAABC",
			"x":26,
			"y":28,
			"duration":4
			},
			{
			"res":"D2538ECB",
			"x":28,
			"y":29,
			"duration":4
			},
			{
			"res":"1C9F6A31",
			"x":32,
			"y":27,
			"duration":4
			},
			{
			"res":"772CE0EA",
			"x":31,
			"y":23,
			"duration":4
			},
			{
			"res":"A391278B",
			"x":28,
			"y":21,
			"duration":4
			},
			{
			"res":"F1461653",
			"x":26,
			"y":21,
			"duration":4
			},
			{
			"res":"84186B7E",
			"x":23,
			"y":23,
			"duration":4
			},
			{
			"res":"C431D52E",
			"x":23,
			"y":24,
			"duration":4
			},
			{
			"res":"D1E88F43",
			"x":26,
			"y":28,
			"duration":4
			},
			{
			"res":"3E4F53F9",
			"x":28,
			"y":30,
			"duration":4
			},
			{
			"res":"CF10BC81",
			"x":31,
			"y":28,
			"duration":4
			},
			{
			"res":"3849499D",
			"x":32,
			"y":26,
			"duration":4
			},
			{
			"res":"7B28C778",
			"x":28,
			"y":22,
			"duration":4
			},
			{
			"res":"5F1E5349",
			"x":26,
			"y":22,
			"duration":4
			},
			{
			"res":"CCCFE9D5",
			"x":23,
			"y":22,
			"duration":4
			}
			]
}},
	"res":{
		"C1E72423":{"x":1480,"y":307,"w":228,"h":307},
		"395BAABC":{"x":1193,"y":626,"w":297,"h":306},
		"D2538ECB":{"x":303,"y":314,"w":295,"h":305},
		"1C9F6A31":{"x":1187,"y":307,"w":291,"h":307},
		"772CE0EA":{"x":303,"y":1,"w":292,"h":311},
		"A391278B":{"x":599,"y":626,"w":295,"h":313},
		"F1461653":{"x":1,"y":626,"w":297,"h":313},
		"84186B7E":{"x":1,"y":1,"w":300,"h":311},
		"C431D52E":{"x":1,"y":314,"w":300,"h":310},
		"D1E88F43":{"x":1492,"y":626,"w":297,"h":306},
		"3E4F53F9":{"x":597,"y":1,"w":295,"h":304},
		"CF10BC81":{"x":893,"y":307,"w":292,"h":306},
		"3849499D":{"x":600,"y":307,"w":291,"h":308},
		"7B28C778":{"x":896,"y":626,"w":295,"h":312},
		"5F1E5349":{"x":300,"y":626,"w":297,"h":312},
		"CCCFE9D5":{"x":1710,"y":1,"w":221,"h":312}
	}}